Supercharger,Street Address,City,State,city_state,Zip,Country,Stalls,GPS,Elev,Status,Open Date,Tesla,Thread
"Bandon, OR",44 Michigan Ave NE,Bandon,OR,Bandon_OR,97411,USA,8,"43.120781, -124.39905",22,Open,04-Nov-16,SC,thread
"Mount Vernon, IL",222 Potomac Blvd,Mount Vernon,IL,Mount Vernon_IL,,USA,8,"38.316292, -88.955923",146,Open,27-Oct-16,SC,thread
"Davenport, IA",North Ridge Shopping Center 4064 E 53rd St,Davenport,IA,Davenport_IA,,USA,8,"41.575888, -90.513526",219,Open,21-Oct-16,SC,thread
"West Des Moines, IA",1725 Jordan Creek Parkway,West Des Moines,IA,West Des Moines_IA,50266,USA,8,"41.599019, -93.806336",300,Open,21-Oct-16,SC,thread
"Buena Park, CA",6692 Auto Center Dr,Buena Park,CA,Buena Park_CA,90621,USA,8,"33.863379, -117.99103",25,Open,20-Oct-16,SC,thread
"Jackson, WY",1155 S. Highway 89,Jackson,WY,Jackson_WY,83001,USA,8,"43.463995, -110.794875","1,868",Open,19-Oct-16,SC,thread
"Childress, TX",1300 Avenue F NW,Childress,TX,Childress_TX,79201,USA,9,"34.432426, -100.218676",580,Open,19-Oct-16,SC,forum
"Kingston, NY",640 Washington Ave,Kingston,NY,Kingston_NY,12401,USA,8,"41.941916, -74.027208",47,Open,18-Oct-16,SC,forum
"Bloomsburg, PA",11 Ricky Ave,Bloomsburg,PA,Bloomsburg_PA,17815,USA,8,"41.016143, -76.492616",197,Open,14-Oct-16,SC,thread
"Channelview, TX",16311 East Fwy,Channelview,TX,Channelview_TX,77530,USA,8,"29.784665, -95.110612",7,Open,10-Oct-16,SC,forum
"Meridian, MS",1210 Bonita Lakes Drive,Meridian,MS,Meridian_MS,39301,USA,8,"32.35748, -88.667805",122,Open,07-Oct-16,SC,thread
"North Aurora, IL",151 Hansen Blvd,North Aurora,IL,North Aurora_IL,60542,USA,8,"41.802949, -88.370249",212,Open,05-Oct-16,SC,thread
"Berlin, VT",213 Payne Turnpike,Berlin,VT,Berlin_VT,5602,USA,8,"44.212532, -72.576462",299,Open,03-Oct-16,SC,thread
"Huntsville, ON",70 King William St,Huntsville,ON,Huntsville_ON,,Canada,9,"45.333611, -79.206703",300,Open,30-Sep-16,SC,thread
"Three Rivers, TX","2645 S. Hwy 37, I-37 Exit 72",Three Rivers,TX,Three Rivers_TX,78071,USA,8,"28.521614, -98.185829",51,Open,30-Sep-16,SC,thread
"Bakersfield, CA","29541 Stockdale Hy,",Bakersfield,CA,Bakersfield_CA,93314,USA,10,"35.354643, -119.331607",93,Open,29-Sep-16,SC,thread
"Coralville, IA",1914 8th St,Coralville,IA,Coralville_IA,,USA,8,"41.680372, -91.591467",205,Open,29-Sep-16,SC,thread
"Rolla, MO",1705 Martin Spring Dr,Rolla,MO,Rolla_MO,65401,USA,8,"37.940064, -91.801658",293,Open,27-Sep-16,SC,thread
"Bay City, MI",2980 Wilder Road,Bay City,MI,Bay City_MI,48706,USA,8,"43.622754, -83.935306",181,Open,27-Sep-16,SC,thread
"Laurel, MD",14700 Baltimore Ave,Laurel,MD,Laurel_MD,20707,USA,8,"39.095382, -76.858319",55,Open,23-Sep-16,SC,thread
"Rivière du Loup, QC",311 boul. Hôtel-de-Ville,Rivière du Loup,QC,Rivière du Loup_QC,G5R 5S4,Canada,8,"47.82017, -69.558776",40,Open,22-Sep-16,SC,thread
"Monroe, LA",4915 Pecanland Mall Dr,Monroe,LA,Monroe_LA,,USA,8,"32.496251, -92.056057",21,Open,16-Sep-16,SC,thread
"Page, AZ",600 Clubhouse Dr,Page,AZ,Page_AZ,86040,USA,8,"36.924902, -111.468041","1,239",Open,10-Sep-16,SC,thread
"Crescent City, CA",1000 Front St,Crescent City,CA,Crescent City_CA,95531,USA,6,"41.752393, -124.1944",4,Open,08-Sep-16,SC,thread
"Parry Sound, ON",292 Louisa Street,Parry Sound,ON,Parry Sound_ON,,Canada,8,"45.345576, -80.005751",228,Open,04-Sep-16,SC,thread
"Brewer, ME",5 Walton Dr,Brewer,ME,Brewer_ME,4412,USA,8,"44.775909, -68.73432",43,Open,02-Sep-16,SC,thread
"Lee, MA",10 Pleasant Street,Lee,MA,Lee_MA,1238,USA,8,"42.29571, -73.239245",267,Open,20-Aug-16,SC,thread
"Lincoln City, OR",1500 SE East Devils Lake Rd,Lincoln City,OR,Lincoln City_OR,97138,USA,8,"44.957751, -124.010966",24,Open,19-Aug-16,SC,thread
"Sweetwater, TX",300 SE Georgia Ave,Sweetwater,TX,Sweetwater_TX,79556,USA,8,"32.450591, -100.392455",660,Open,19-Aug-16,SC,thread
"Cisco, TX",16851 Interstate Highway 20,Cisco,TX,Cisco_TX,76437,USA,8,"32.374263, -99.007197",513,Open,19-Aug-16,SC,thread
"Port Huron, MI",500 Thomas Edison Pkwy,Port Huron,MI,Port Huron_MI,48060,USA,8,"42.998817, -82.428935",182,Open,18-Aug-16,SC,thread
"Oakdale, MN",7180 10th St. N.,Oakdale,MN,Oakdale_MN,,USA,8,"44.96499, -92.96129",329,Open,17-Aug-16,SC,thread
"Eureka, CA","Bayshore Mall, 3300 Broadway St",Eureka,CA,Eureka_CA,95501,USA,8,"40.778885, -124.188383",6,Open,17-Aug-16,SC,thread
"Folsom-Palladio, CA",220 Palladio Pkwy,Folsom,CA,Folsom_CA,95630,USA,10,"38.647199, -121.118344",116,Open,13-Aug-16,SC,thread
"Catoosa, OK",777 W. Cherokee St.,Catoosa,OK,Catoosa_OK,74015,USA,8,"36.167631, -95.766044",209,Open,16-Jul-16,SC,thread
"Queensbury, NY","Aviation Mall, 578 Aviation Rd",Queensbury,NY,Queensbury_NY,12804,USA,8,"43.328388, -73.679992",130,Open,15-Jul-16,SC,thread
"Saint-Laurent, QC",3131 Boulevard de la Côte-Vertu,Saint-Laurent,QC,Saint-Laurent_QC,H4R 1Y8,Canada,12,"45.500503, -73.707943",33,Open,13-Jul-16,SC,thread
"Napa, CA",Devlin Rd & Airport Blvd,Napa,CA,Napa_CA,94558,USA,8,"38.2356, -122.264",15,Open,11-Jul-16,SC,thread
"Seaside, OR",1111 North Roosevelt Drive,Seaside,OR,Seaside_OR,97138,USA,8,"46.00101, -123.91683",5,Open,01-Jul-16,SC,thread
"Sulphur Springs, TX",300 W Tomlinson Street St,Sulphur Springs,TX,Sulphur Springs_TX,75482,USA,8,"33.129051, -95.603236",151,Open,29-Jun-16,SC,thread
"Bowling Green, KY",1676 Westpark Dr,Bowling Green,KY,Bowling Green_KY,42104,USA,8,"36.955196, -86.438854",162,Open,24-Jun-16,SC,thread
"Watertown, NY",21182 Salmon Run Mall Loop W,Watertown,NY,Watertown_NY,13601,USA,8,"43.979585, -75.954114",156,Open,24-Jun-16,SC,forum
"Egg Harbor Township, NJ",3121 Fire Rd,Egg Harbor Township,NJ,Egg Harbor Township_NJ,8234,USA,8,"39.393663, -74.562619",9,Open,23-Jun-16,SC,thread
"Magog, QC",2381 Rue Principale Ouest,Magog,QC,Magog_QC,J1X0J4,Canada,8,"45.281273, -72.185744",220,Open,22-Jun-16,SC,thread
"Peru, IL",1651 Midtown Rd,Peru,IL,Peru_IL,61354,USA,8,"41.348503, -89.126115",195,Open,22-Jun-16,SC,thread
"Bend, OR",61535 S Highway 97,Bend,OR,Bend_OR,97702,USA,8,"44.03563, -121.308473","1,142",Open,17-Jun-16,SC,thread
"Augusta, GA",1069 Stevens Creek Rd,Augusta,GA,Augusta_GA,30907,USA,8,"33.515004, -82.044443",89,Open,12-Jun-16,SC,thread
"Idaho Falls, ID",940 Pier View Dr,Idaho Falls,ID,Idaho Falls_ID,,USA,8,"43.485152, -112.05205","1,426",Open,09-Jun-16,SC,thread
"Plattsburgh, NY",60 Smithfield Blvd,Plattsburgh,NY,Plattsburgh_NY,12901,USA,8,"44.704537, -73.491829",94,Open,09-Jun-16,SC,thread
"Lindale, TX",Collin St Bakery 17044 I-20,Lindale,TX,Lindale_TX,75771,USA,8,"32.470885, -95.450473",167,Open,08-Jun-16,SC,thread
"Alexandria, LA",701 4th St.,Alexandria,LA,Alexandria_LA,71301,USA,8,"31.312424, -92.446436",23,Open,07-Jun-16,SC,thread
"Tonopah, NV",171 Main St.,Tonopah,NV,Tonopah_NV,89049,USA,8,"38.069801, -117.232243","1,834",Open,03-Jun-16,SC,thread
"Southampton, NY",850 County Road 39,Southampton,NY,Southampton_NY,11968,USA,8,"40.891909, -72.426995",14,Open,03-Jun-16,SC,thread
"Erie, PA",2225 Downs Dr,Erie,PA,Erie_PA,16509,USA,8,"42.049602, -80.086345",358,Open,03-Jun-16,SC,thread
"Cuernavaca, Mexico","Galerias, Km. 87.5 Colonia Flores Magón",Cuernavaca,,Cuernavaca_,62370,Mexico,6,"18.934819, -99.192297","1,517",Open,01-Jun-16,SC,thread
"Miner, MO",2612 E Malone Ave,Miner,MO,Miner_MO,63801,USA,8,"36.893583, -89.533986",94,Open,01-Jun-16,SC,thread
"West Yellowstone, MT",201 S Canyon St,West Yellowstone,MT,West Yellowstone_MT,59758,USA,8,"44.656089, -111.099022","2,034",Open,25-May-16,SC,thread
"Pocatello, ID","Clarion Inn, 1399 Bench Rd",Pocatello,ID,Pocatello_ID,83201,USA,8,"42.899615, -112.435248","1,409",Open,24-May-16,SC,thread
"Grimsby, ON",4 Windward Dr,Grimsby,ON,Grimsby_ON,L3M 4E8,Canada,8,"43.209814, -79.601404",82,Open,13-May-16,SC,thread
"Shreveport, LA",1133 St. Vincent Ave,Shreveport,LA,Shreveport_LA,71104,USA,8,"32.478594, -93.75437",59,Open,12-May-16,SC,thread
"Temecula, CA",40820 Winchester Rd,Temecula,CA,Temecula_CA,92591,USA,10,"33.52421, -117.152568",324,Open,10-May-16,SC,thread
"Harrisburg, PA",3915 Union Deposit Rd,Harrisburg,PA,Harrisburg_PA,17109,USA,9,"40.277134, -76.823255",145,Open,09-May-16,SC,thread
"Reno, NV",3800 S Virginia St,Reno,NV,Reno_NV,89509,USA,6,"39.489732, -119.794179","1,356",Open,05-May-16,SC,thread
"Hawthorne, NV",705 Hwy 362,Hawthorne,NV,Hawthorne_NV,89415,USA,8,"38.533939, -118.62308","1,301",Open,03-May-16,SC,thread
"Pearl, MS",200 Bass Pro Dr,Pearl,MS,Pearl_MS,39208,USA,8,"32.274159, -90.151048",79,Open,31-Mar-16,SC,thread
"Terre Haute, IN","Meijer, 5600 E, New Margaret Dr",Terre Haute,IN,Terre Haute_IN,47803,USA,8,"39.443345, -87.331737",171,Open,30-Mar-16,SC,thread
"Champaign, IL",2401 N Prospect Ave,Champaign,IL,Champaign_IL,61822,USA,8,"40.146209, -88.259884",228,Open,23-Mar-16,SC,thread
"Warsaw, NC",2676 W Nc 24 Hwy,Warsaw,NC,Warsaw_NC,28398,USA,6,"34.994793, -78.135673",47,Open,11-Mar-16,SC,thread
"Beatty, NV",700 US-95,Beatty,NV,Beatty_NV,89003,USA,8,"36.913718, -116.754371","1,011",Open,09-Feb-16,SC,thread
"Slidell, LA",Fremaux Town Center 1303 Town Center Pkwy,Slidell,LA,Slidell_LA,70458,USA,8,"30.266552, -89.760156",3,Open,06-Feb-16,SC,thread
"Fresno, CA",6709 North Riverside Dr,Fresno,CA,Fresno_CA,93704,USA,10,"36.835455, -119.91058",91,Open,29-Jan-16,SC,thread
"Buttonwillow, CA",20673 Tracy Ave,Buttonwillow,CA,Buttonwillow_CA,93206,USA,10,"35.400105, -119.397796",90,Open,29-Jan-16,SC,thread
"Mammoth Lakes, CA",165 Old Mammoth Rd,Mammoth Lakes,CA,Mammoth Lakes_CA,93546,USA,8,"37.644544, -118.965875","2,390",Open,21-Jan-16,SC,thread
"Allentown, PA","Tilghman Square, 4680 Broadway",Allentown,PA,Allentown_PA,18104,USA,8,"40.588102, -75.559904",125,Open,21-Jan-16,SC,thread
"Ukiah, CA",310 S State St,Ukiah,CA,Ukiah_CA,95482,USA,8,"39.148694, -123.20787",193,Open,13-Jan-16,SC,thread
"Louisville, KY",3101 Bardstown Rd,Louisville,KY,Louisville_KY,40205,USA,8,"38.211846, -85.673087",151,Open,30-Dec-15,SC,thread
"Victoria, TX",3107 South Laurent St,Victoria,TX,Victoria_TX,77901,USA,6,"28.766853, -96.978988",23,Open,30-Dec-15,SC,thread
"Kelowna, BC","Best Western, 2402 Hwy 97 N",Kelowna,BC,Kelowna_BC,V1X 4J1,Canada,8,"49.885795, -119.429273",376,Open,30-Dec-15,SC,thread
"Wytheville, VA",165 Malin Dr.,Wytheville,VA,Wytheville_VA,,USA,6,"36.945795, -81.054406",683,Open,30-Dec-15,SC,thread
"Colorado Springs, CO",215 North Cascade Ave,Colorado Springs,CO,Colorado Springs_CO,80903,USA,8,"38.837573, -104.824907","1,835",Open,29-Dec-15,SC,thread
"Cadillac, MI",8605 34 Rd,Cadillac,MI,Cadillac_MI,49601,USA,8,"44.282551, -85.403096",393,Open,23-Dec-15,SC,thread
"Port Hope, ON",Northumberland County Rd 28,Port Hope,ON,Port Hope_ON,,Canada,8,"43.97171, -78.285431",108,Open,20-Dec-15,SC,thread
"Plantation, FL",813 S University Dr,Plantation,FL,Plantation_FL,33324,USA,8,"26.108976, -80.250883",1,Open,19-Dec-15,SC,thread
"Lexington, VA",880 N. Lee Highway,Lexington,VA,Lexington_VA,,USA,6,"37.796979, -79.419007",319,Open,16-Dec-15,SC,thread
"Asheville, NC",800 Brevard Road,Asheville,NC,Asheville_NC,,USA,8,"35.531391, -82.604487",662,Open,16-Dec-15,SC,thread
"Burbank, CA",811 S San Fernando Blvd,Burbank,CA,Burbank_CA,91502,USA,6,"34.174712, -118.300826",168,Open,15-Dec-15,SC,thread
"Tannersville, PA",1000 Premium Outlets Dr,Tannersville,PA,Tannersville_PA,18372,USA,8,"41.045431, -75.312244",284,Open,14-Dec-15,SC,thread
"Augusta, ME",13 Stephen King Dr.,Augusta,ME,Augusta_ME,4330,USA,8,"44.34787, -69.786088",96,Open,04-Dec-15,SC,thread
"Kingsland, GA",Kingsland Welcome Center 1190 East Boone Ave,Kingsland,GA,Kingsland_GA,31548,USA,6,"30.790764, -81.663729",8,Open,18-Nov-15,SC,thread
"Greenville, SC",108 Carolina Point Pkwy,Greenville,SC,Greenville_SC,29607,USA,8,"34.825895, -82.306973",304,Open,09-Nov-15,SC,thread
"Amarillo, TX",8271 W Amarillo Blvd,Amarillo,TX,Amarillo_TX,79124,USA,8,"35.189035, -101.931478","1,134",Open,05-Nov-15,SC,thread
"Denton, TX",2710 W University Dr,Denton,TX,Denton_TX,76201,USA,6,"33.231403, -97.166419",212,Open,04-Nov-15,SC,thread
"South Burlington, VT",222 Dorset St,South Burlington,VT,South Burlington_VT,5403,USA,8,"44.463327, -73.180184",94,Open,04-Nov-15,SC,thread
"Sandy, OR",16625 SE 362nd Dr,Sandy,OR,Sandy_OR,97055,USA,8,"45.403531, -122.294242",236,Open,04-Nov-15,SC,thread
"Binghamton, NY",1062 Front St,Binghamton,NY,Binghamton_NY,13905,USA,8,"42.145553, -75.901755",262,Open,01-Nov-15,SC,thread
"Twin Falls, ID","Twin Falls Tourist Center, 2015 Nielsen Point Place",Twin Falls,ID,Twin Falls_ID,83301,USA,8,"42.598103, -114.456183","1,101",Open,28-Oct-15,SC,thread
"Truckee-Brockway Rd, CA",The Rock 11209 Brockway Rd,Truckee,CA,Truckee_CA,96161,USA,8,"39.321865, -120.1621","1,801",Open,23-Oct-15,SC,thread
"Gardnerville, NV","Topaz Lodge, 1979 US-395",Gardnerville,NV,Gardnerville_NV,89410,USA,6,"38.695341, -119.547596","1,579",Open,22-Oct-15,SC,thread
"Hinckley, MN",404 Fire Monument Rd,Hinckley,MN,Hinckley_MN,55037,USA,8,"46.009592, -92.93155",313,Open,21-Oct-15,SC,thread
"Baxter, MN",6967 Lake Forest Rd,Baxter,MN,Baxter_MN,56425,USA,8,"46.378868, -94.256413",369,Open,21-Oct-15,SC,thread
"Norfolk, VA",5900 E Virginia Beach Blvd,Norfolk,VA,Norfolk_VA,,USA,6,"36.858614, -76.206015",4,Open,18-Oct-15,SC,thread
"Dublin, CA",6701 Amador Plaza Rd,Dublin,CA,Dublin_CA,94568,USA,10,"37.702359, -121.92593",103,Open,17-Oct-15,SC,thread
"Price, UT",925 West Westwood Blvd,Price,UT,Price_UT,84501,USA,8,"39.600731, -110.831701","1,207",Open,16-Oct-15,SC,thread
"Seabrook, NH",700 Lafayette Rd,Seabrook,NH,Seabrook_NH,3874,USA,8,"42.895182, -70.869351",16,Open,09-Oct-15,SC,thread
"Sheboygan, WI","595 Taylor Dr, by Festival Foods",Sheboygan,WI,Sheboygan_WI,53081,USA,8,"43.749912, -87.747073",200,Open,07-Oct-15,SC,thread
"Gillette, WY","Hampton Inn, 211 Decker Ct",Gillette,WY,Gillette_WY,82718,USA,4,"44.29301, -105.526628","1,400",Open,24-Sep-15,SC,thread
"Tallahassee, FL",1400 Village Square Blvd,Tallahassee,FL,Tallahassee_FL,32309,USA,6,"30.510935, -84.247838",63,Open,23-Sep-15,SC,thread
"Tinton Falls, NJ",1 Premium Outlets Blvd,Tinton Falls,NJ,Tinton Falls_NJ,7753,USA,8,"40.226272, -74.093538",33,Open,19-Sep-15,SC,thread
"Las Vegas, NM",2500 N Grand Ave,Las Vegas,NM,Las Vegas_NM,87701,USA,6,"35.621267, -105.204598","1,970",Open,14-Sep-15,SC,thread
"Columbia, MO",915 Port Way,Columbia,MO,Columbia_MO,65201,USA,8,"38.958728, -92.252464",254,Open,11-Sep-15,SC,thread
Albuquerque NM,2600 Menaul Blvd NE,Albuquerque,NM,Albuquerque_NM,87107,USA,6,"35.108962, -106.612794","1,558",Open,04-Sep-15,SC,thread
"Kennewick, WA",2811 W 10th Ave,Kennewick,WA,Kennewick_WA,99336,USA,8,"46.198085, -119.162734",167,Open,04-Sep-15,SC,thread
"Strasburg, VA",119 Hite Ln,Strasburg,VA,Strasburg_VA,22657,USA,6,"39.00496, -78.337836",204,Open,02-Sep-15,SC,thread
"Fountain Valley, CA",17900 Newhope St,Fountain Valley,CA,Fountain Valley_CA,92708,USA,8,"33.70278, -117.934127",11,Open,28-Aug-15,SC,thread
"Ann Arbor, MI",3145 Saline Road,Ann Arbor,MI,Ann Arbor_MI,48108,USA,8,"42.240687, -83.766265",282,Open,20-Aug-15,SC,thread
"Seaside, CA",1901 Del Monte Blvd,Seaside,CA,Seaside_CA,93955,USA,6,"36.616759, -121.844014",10,Open,13-Aug-15,SC,thread
"Dedham, MA",840 Providence Highway,Dedham,MA,Dedham_MA,,USA,8,"42.236034, -71.178634",29,Open,08-Aug-15,SC,thread
"Boise, ID",1426 S Entertainment Ave,Boise,ID,Boise_ID,83709,USA,8,"43.591886, -116.279015",838,Open,07-Aug-15,SC,thread
"Oklahoma City, OK",7624 West Reno Ave #380,Oklahoma City,OK,Oklahoma City_OK,,USA,8,"35.461704, -97.651445",372,Open,31-Jul-15,SC,thread
"Trinidad, CO",9960 Santa Fe Trail,Trinidad,CO,Trinidad_CO,81082,USA,6,"37.134228, -104.519962","1,933",Open,30-Jul-15,SC,thread
"Duluth, MN",200 W 1st St,Duluth,MN,Duluth_MN,55802,USA,4,"46.784467, -92.10232",200,Open,17-Jul-15,SC,thread
"West Lebanon, NH",285 N Plainfield Rd #1,West Lebanon,NH,West Lebanon_NH,3784,USA,8,"43.624616, -72.324692",104,Open,17-Jul-15,SC,thread
"Sheridan, WY",612 North Main St,Sheridan,WY,Sheridan_WY,82801,USA,4,"44.804565, -106.956363","1,136",Open,15-Jul-15,SC,thread
"San Mateo, CA",1200 Park Pl,San Mateo,CA,San Mateo_CA,94403,USA,8,"37.544632, -122.290188",3,Open,10-Jul-15,SC,thread
"Cranbury, NJ",Molly Pitcher Service Area,Cranbury,NJ,Cranbury_NJ,8512,USA,4,"40.321021, -74.488254",36,Open,09-Jul-15,SC,thread
"Houston, TX",14820 North Freeway,Houston,TX,Houston_TX,77090,USA,6,"29.980741, -95.421697",31,Open,09-Jul-15,SC,thread
"Nashville, TN",1641 Westgate Circle,Brentwood,TN,Brentwood_TN,37027,USA,6,"35.969209, -86.804641",226,Open,08-Jul-15,SC,thread
"Grand Rapids, MI",5531 28th St SE,Grand Rapids,MI,Grand Rapids_MI,49512,USA,8,"42.915523, -85.533929",227,Open,25-Jun-15,SC,thread
"Baker City, OR",1 Sunridge Ln,Baker City,OR,Baker City_OR,97814,USA,8,"44.782849, -117.812422","1,044",Open,25-Jun-15,SC,thread
"Newburgh, NY",1217 Route 300,Newburgh,NY,Newburgh_NY,12550,USA,6,"41.499775, -74.071261",104,Open,23-Jun-15,SC,thread
"East Brunswick, NJ","Joyce Kilmer Service Area, New Jersey Turnpike",East Brunswick,NJ,East Brunswick_NJ,8816,USA,4,"40.41701, -74.444085",37,Open,19-Jun-15,SC,thread
"Buffalo, NY",4455 Transit Road,Buffalo,NY,Buffalo_NY,14221,USA,8,"42.968673, -78.696128",213,Open,11-Jun-15,SC,thread
"Mountain View, CA",1401 N Shoreline Blvd,Mountain View,CA,Mountain View_CA,94043,USA,12,"37.415344, -122.076607",6,Open,10-Jun-15,SC,thread
"San Diego, CA",10105 Pacific Heights Blvd,San Diego,CA,San Diego_CA,92121,USA,12,"32.902137, -117.193489",88,Open,08-Jun-15,SC,thread
"Cincinnati, OH","9111 Blue Ash, Rd.",Cincinnati,OH,Cincinnati_OH,45242,USA,8,"39.224429, -84.383415",258,Open,05-Jun-15,SC,thread
"Pendleton, OR",46510 Wildhorse Blvd,Pendleton,OR,Pendleton_OR,97801,USA,8,"45.648679, -118.678968",437,Open,28-May-15,SC,thread
"Cleveland, Tesla Service Center",5180 Mayfield Road,Lyndhurst,OH,Lyndhurst_OH,44124,USA,1,"41.519027, -81.493345",314,Open,09-May-15,SC,thread
"Marathon, FL",9400 Overseas Highway,Marathon,FL,Marathon_FL,33050,USA,4,"24.725172, -81.051135",1,Open,02-May-15,SC,thread
"Tucumcari, NM",2624 South Adams St,Tucumcari,NM,Tucumcari_NM,88401,USA,6,"35.153963, -103.722539","1,253",Open,21-Apr-15,SC,thread
"Syracuse, NY","439 Electronics Parkway,",Liverpool,NY,Liverpool_NY,13088,USA,8,"43.102516, -76.187475",123,Open,16-Apr-15,SC,thread
"Mobile, AL",3201 Airport Blvd,Mobile,AL,Mobile_AL,36606,USA,8,"30.675347, -88.11901",6,Open,16-Apr-15,SC,thread
"St. Charles, MO",2021 Zumbehl Rd,St. Charles,MO,St. Charles_MO,63303,USA,5,"38.782139, -90.532862",149,Open,15-Apr-15,SC,thread
"Perry, OK",2812 Fir St,Perry,OK,Perry_OK,73077,USA,6,"36.289315, -97.325935",330,Open,15-Apr-15,SC,thread
"Drummondville, QC",Les Promenades Drummondville 755 boul. Rene-Levesque,Drummondville,QC,Drummondville_QC,J2C 6Y7,Canada,8,"45.899084, -72.51942",84,Open,08-Apr-15,SC,thread
"Tremonton, UT",Hampton Inn 2145 W Main St,Tremonton,UT,Tremonton_UT,84337,USA,6,"41.70995, -112.198576","1,317",Open,01-Apr-15,SC,thread
"Effingham, IL",1200 North Keller Dr,Effingham,IL,Effingham_IL,62401,USA,6,"39.137048, -88.563736",184,Open,28-Mar-15,SC,thread
"Mojave, CA",Anthony's Grill 16940 California 14 Hwy 14,Mojave,CA,Mojave_CA,93501,USA,6,"35.068595, -118.174576",866,Open,27-Mar-15,SC,thread
"Comber, ON",7018 Industrial Dr,Comber,ON,Comber_ON,N0P 1J0,Canada,8,"42.238789, -82.550873",182,Open,25-Mar-15,SC,thread
"Riviera Beach, FL",4651 Dyer Blvd,Riviera Beach,FL,Riviera Beach_FL,33407,USA,8,"26.778172, -80.112944",4,Open,21-Mar-15,SC,thread
"Inyokern, CA",1353 Brown Rd,Inyokern,CA,Inyokern_CA,93527,USA,4,"35.646461, -117.812629",742,Open,20-Mar-15,SC,thread
"Santa Rosa, NM",2516 Historic Rt 66,Santa Rosa,NM,Santa Rosa_NM,88435,USA,6,"34.947013, -104.647997","1,440",Open,13-Mar-15,SC,thread
"Ardmore, OK",322 Holiday Dr,Ardmore,OK,Ardmore_OK,73401,USA,6,"34.179106, -97.165632",259,Open,13-Mar-15,SC,thread
"Weatherford, OK",1301 N Airport Rd by Lucille's Roadhouse,Weatherford,OK,Weatherford_OK,73096,USA,6,"35.53859, -98.66012",485,Open,11-Mar-15,SC,thread
"Council Bluffs, IA",3815 Metro Dr,Council Bluffs,IA,Council Bluffs_IA,51501,USA,8,"41.220005, -95.836123",301,Open,11-Mar-15,SC,thread
"Canmore, AB",1719 Bow Valley Trail,Canmore,AB,Canmore_AB,T1W 1L7,Canada,4,"51.100208, -115.359179","1,320",Open,11-Mar-15,SC,thread
"Salt Lake City, UT",2312 S State St,Salt Lake City,UT,Salt Lake City_UT,84115,USA,10,"40.7209, -111.888395","1,297",Open,06-Mar-15,SC,thread
"Coeur d'Alene, ID",3458 N Fruitland Ln,Coeur d'Alene,ID,Coeur d'Alene_ID,83815,USA,6,"47.708479, -116.794283",685,Open,04-Mar-15,SC,thread
"Charlotte, NC",2720 Mallard Creek Church RD,Charlotte,NC,Charlotte_NC,28262,USA,8,"35.341213, -80.766023",232,Open,25-Feb-15,SC,thread
"Tooele, UT",1568 East Saddleback Blvd,Tooele,UT,Tooele_UT,84074,USA,6,"40.684486, -112.268818","1,290",Open,25-Feb-15,SC,thread
"Rocklin (SC), CA",4361 Granite Drive,Rocklin,CA,Rocklin_CA,95677,USA,8,"38.800537, -121.210485",98,Open,20-Feb-15,SC,thread
"Shamrock, TX",107 East 12th St,Shamrock,TX,Shamrock_TX,79079,USA,6,"35.226765, -100.24836",704,Open,20-Feb-15,SC,thread
"Winnemucca, NV",1985 W. Winnemucca Blvd,Winnemucca,NV,Winnemucca_NV,89445,USA,4,"40.958847, -117.746497","1,308",Open,18-Feb-15,SC,thread
"Independence, MO",18001 Bass Pro Drive,Independence,MO,Independence_MO,64055,USA,6,"39.040814, -94.369265",245,Open,17-Feb-15,SC,thread
"West Springfield, MA",935 Riverdale St,West Springfield,MA,West Springfield_MA,1089,USA,8,"42.130914, -72.621435",17,Open,14-Feb-15,SC,thread
"Manteca, CA",960 Perimeter Dr,Manteca,CA,Manteca_CA,95337,USA,8,"37.782622, -121.228683",9,Open,12-Feb-15,SC,thread
"Utica, NY",50 Auert Ave,Utica,NY,Utica_NY,13501,USA,8,"43.113878, -75.206857",128,Open,11-Feb-15,SC,thread
"Golden, BC",1200 - 12th Street,Golden,BC,Golden_BC,V0A 1H0,Canada,4,"51.31325, -116.974152",802,Open,04-Feb-15,SC,thread
"London, KY",140 Faith Assembly Church Rd,London,KY,London_KY,40741,USA,6,"37.14916, -84.11385",361,Open,04-Feb-15,SC,thread
"Petaluma, CA",401 Kenilworth Dr #1030,Petaluma,CA,Petaluma_CA,94952,USA,10,"38.242693, -122.625049",8,Open,03-Feb-15,SC,thread
"Elko, NV",2755 Mountain City Hwy,Elko,NV,Elko_NV,89801,USA,6,"40.836301, -115.790859","1,574",Open,03-Feb-15,SC,thread
"Lexington, KY",2155 Paul Jones Way,Lexington,KY,Lexington_KY,40509,USA,8,"38.017955, -84.420664",310,Open,30-Jan-15,SC,thread
"Kingston, ON",97 Dalton Ave,Kingston,ON,Kingston_ON,K7K 0C4,Canada,6,"44.267307, -76.503291",90,Open,29-Jan-15,SC,thread
"Barrie, ON",100 Mapleview Dr,Barrie,ON,Barrie_ON,L4N 9H6,Canada,8,"44.341123, -79.678975",293,Open,29-Jan-15,SC,thread
"Lone Pine, CA",701 S. Main St,Lone Pine,CA,Lone Pine_CA,93545,USA,4,"36.60059, -118.061916","1,137",Open,28-Jan-15,SC,thread
"Lovelock, NV",150 Main St,Lovelock,NV,Lovelock_NV,89419,USA,4,"40.179476, -118.472135","1,213",Open,28-Jan-15,SC,thread
"Red Deer, AB",3310 50 Ave,Red Deer,AB,Red Deer_AB,T4N 3X9,Canada,4,"52.251899, -113.814659",878,Open,22-Jan-15,SC,thread
"West Wendover, NV",810 Wendover Blvd,West Wendover,NV,West Wendover_NV,89883,USA,6,"40.738399, -114.058998","1,335",Open,22-Jan-15,SC,thread
"Montreal (SC), QC",5350 Ferrier St,Montreal,QC,Montreal_QC,H4P 1L9,Canada,2,"45.496185, -73.658793",46,Open,22-Jan-15,SC,thread
"Baton Rouge, LA",3535 Perkins Rd,Baton Rouge,LA,Baton Rouge_LA,70808,USA,6,"30.423892, -91.154637",10,Open,22-Jan-15,SC,thread
"Wichita, KS",4760 S. Broadway St.,Wichita,KS,Wichita_KS,67216,USA,6,"37.60878, -97.33314",388,Open,21-Jan-15,SC,thread
"Redondo Beach, CA",2410 Marine Ave,Redondo Beach,CA,Redondo Beach_CA,90278,USA,8,"33.894294, -118.367379",21,Open,20-Jan-15,SC,thread
"Hooksett (north), NH",Interstate 93 N,Hooksett,NH,Hooksett_NH,3106,USA,6,"43.110063, -71.475087",85,Open,20-Jan-15,SC,thread
"Brattleboro, VT",499 Canal St,Brattleboro,VT,Brattleboro_VT,5301,USA,8,"42.838443, -72.565798",129,Open,16-Jan-15,SC,thread
"Grove City, OH",2221 Stringtown Rd,Grove City,OH,Grove City_OH,43123,USA,8,"39.877253, -83.063448",243,Open,16-Jan-15,SC,thread
"Needles, CA",2451 Needles HWY,Needles,CA,Needles_CA,92363,USA,4,"34.850835, -114.624329",157,Open,16-Jan-15,SC,thread
"Hooksett (south), NH",Interstate 93 S,Hooksett,NH,Hooksett_NH,3106,USA,6,"43.109521, -71.477006",85,Open,15-Jan-15,SC,thread
"DeFuniak Springs, FL",10th St and Baldwin Ave,DeFuniak Springs,FL,DeFuniak Springs_FL,32435,USA,5,"30.720702, -86.116677",76,Open,09-Jan-15,SC,thread
"Springfield, IL",3801 South MacArthur Blvd,Springfield,IL,Springfield_IL,62711,USA,8,"39.748868, -89.67119",184,Open,09-Jan-15,SC,thread
"Revelstoke, BC",1925 Laforme Blvd,Revelstoke,BC,Revelstoke_BC,BC V0E,Canada,4,"51.009594, -118.218857",451,Open,30-Dec-14,SC,thread
"Auburn, MA",385 Southbridge St,Auburn,MA,Auburn_MA,1501,USA,8,"42.203608, -71.832516",156,Open,29-Dec-14,SC,thread
"El Centro, CA",3451 S Dogwood Rd,El Centro,CA,El Centro_CA,92243,USA,8,"32.763723, -115.531517",-8,Open,28-Dec-14,SC,thread
"Auburn, AL",1627 Opelika Rd,Auburn,AL,Auburn_AL,,USA,6,"32.625185, -85.446314",222,Open,23-Dec-14,SC,thread
"Kamloops, BC",1290 Trans-Canada Hwy,Kamloops,BC,Kamloops_BC,V2C 6R3,Canada,4,"50.655233, -120.368302",616,Open,23-Dec-14,SC,thread
"Lima, OH",1933 Roschman Ave,Lima,OH,Lima_OH,45804,USA,8,"40.726668, -84.071932",271,Open,23-Dec-14,SC,thread
"Lake Charles, LA",1772 W. Prien Lake Rd,Lake Charles,LA,Lake Charles_LA,70601,USA,6,"30.200741, -93.248171",3,Open,21-Dec-14,SC,thread
"Culver City, CA",6000 Hannum Ave,Culver City,CA,Culver City_CA,90230,USA,12,"33.986779, -118.390213",13,Open,18-Dec-14,SC,thread
"Atlanta, GA",1380 Atlantic Dr,Atlanta,GA,Atlanta_GA,30363,USA,10,"33.793808, -84.397203",268,Open,18-Dec-14,SC,thread
"Cabazon, CA",48400 Seminole Dr,Cabazon,CA,Cabazon_CA,92230,USA,10,"33.93129, -116.820041",620,Open,17-Dec-14,SC,thread
"Woodstock, ON",580 Bruin Boulevard,Woodstock,ON,Woodstock_ON,N4V 1E5,Canada,8,"43.111918, -80.738804",291,Open,17-Dec-14,SC,thread
"Hope, BC",Fort St and Fraser Ave,Hope,BC,Hope_BC,V0X 1L0,Canada,6,"49.37829, -121.442822",44,Open,09-Dec-14,SC,thread
"Greenville, AL",219 Interstate Dr,Greenville,AL,Greenville_AL,36037,USA,6,"31.855989, -86.635765",145,Open,06-Dec-14,SC,thread
"Superior, MT",205 E 4th Ave,Superior,MT,Superior_MT,59872,USA,4,"47.192149, -114.888901",835,Open,05-Dec-14,SC,thread
"West Hartford, CT",1445 New Britain Ave,West Hartford,CT,West Hartford_CT,6110,USA,8,"41.722672, -72.759717",52,Open,05-Dec-14,SC,thread
"Butte, MT",2900 Harrison Ave,Butte,MT,Butte_MT,59701,USA,6,"45.981226, -112.507161","1,666",Open,04-Dec-14,SC,thread
"Fort Drum, FL",184 Florida's Turnpike,Okeechobee,FL,Okeechobee_FL,34972,USA,6,"27.601444, -80.822187",16,Open,26-Nov-14,SC,thread
"Primm, NV",31900 Las Vegas Blvd S,Primm,NV,Primm_NV,89019,USA,8,"35.610687, -115.388028",795,Open,26-Nov-14,SC,thread
"Paramus, NJ",530 New Jersey 17,Paramus,NJ,Paramus_NJ,7652,USA,8,"40.957429, -74.07408",15,Open,26-Nov-14,SC,thread
"Orlando, FL",Turkey Lake Service Plaza,Orlando,FL,Orlando_FL,32835,USA,6,"28.514874, -81.500214",1,Open,21-Nov-14,SC,thread
"Decatur, GA",1580 Church St,Decatur,GA,Decatur_GA,30033,USA,4,"33.793217, -84.285379",310,Open,20-Nov-14,SC,thread
"Rancho Cucamonga, CA",12505 North Main Street,Rancho Cucamonga,CA,Rancho Cucamonga_CA,91739,USA,12,"34.113592, -117.529406",381,Open,20-Nov-14,SC,thread
"Dayton, OH",9200 N Main St,Dayton,OH,Dayton_OH,45445,USA,8,"39.85675, -84.276458",258,Open,11-Nov-14,SC,thread
"Country Club Hills, IL",4201 167th St,Country Club Hills,IL,Country Club Hills_IL,60478,USA,8,"41.584927, -87.721062",205,Open,08-Nov-14,SC,thread
"Denver, CO",4310 Airport Way,Denver,CO,Denver_CO,80239,USA,6,"39.775259, -104.794674","1,641",Open,08-Nov-14,SC,thread
"Salisbury, MD",2300 North Salisbury Blvd.,Salisbury,MD,Salisbury_MD,21801,USA,6,"38.401648, -75.564818",12,Open,08-Nov-14,SC,thread
"Ocala, FL",4414 SW College Road,Ocala,FL,Ocala_FL,34474,USA,8,"29.140985, -82.19395",23,Open,03-Nov-14,SC,thread
"Missoula, MT",5280 Grant Creek Rd,Missoula,MT,Missoula_MT,59808,USA,6,"46.912545, -114.031824","1,009",Open,29-Oct-14,SC,thread
"Indianapolis, IN",5120 Victory Drive,Indianapolis,IN,Indianapolis_IN,46203,USA,8,"39.702444, -86.079687",253,Open,29-Oct-14,SC,thread
"Sagamore, MA",22 Meetinghouse Ln,Sagamore,MA,Sagamore_MA,2562,USA,8,"41.781242, -70.540271",26,Open,27-Oct-14,SC,thread
"Big Timber, MT",228 Big Timber Loop Rd,Big Timber,MT,Big Timber_MT,59011,USA,4,"45.836945, -109.944577","1,245",Open,22-Oct-14,SC,thread
"Bozeman, MT",2023 Commerce Way,Bozeman,MT,Bozeman_MT,59715,USA,4,"45.700078, -111.062569","1,442",Open,22-Oct-14,SC,thread
"Topeka, KS",5930 Huntoon Street,Topeka,KS,Topeka_KS,66614,USA,8,"39.044199, -95.76046",283,Open,17-Oct-14,SC,thread
"Cordes Lakes, AZ",14925 Cordes Lakes Rd,Mayer,AZ,Mayer_AZ,86333,USA,6,"34.327131, -112.118432","1,150",Open,14-Oct-14,SC,thread
"Lafayette, IN",4901 Indiana 26,Lafayette,IN,Lafayette_IN,47905,USA,8,"40.416993, -86.812428",202,Open,10-Oct-14,SC,thread
"Casa Grande, AZ",2453 E Florence,Casa Grande,AZ,Casa Grande_AZ,85194,USA,6,"32.87888, -111.681742",435,Open,30-Sep-14,SC,thread
"Indio, CA",42100 Jackson St,Indio,CA,Indio_CA,92203,USA,8,"33.741484, -116.215019",-3,Open,26-Sep-14,SC,thread
"Oxnard, CA",2751 Park View Ct,Oxnard,CA,Oxnard_CA,93036,USA,10,"34.238654, -119.177398",24,Open,24-Sep-14,SC,thread
"Brandon, FL",2400 W Brandon Blvd,Brandon,FL,Brandon_FL,33511,USA,8,"27.940831, -82.323648",12,Open,24-Sep-14,SC,thread
"Grand Ave (SC), Chicago, IL",1053 W Grand Ave,Chicago,IL,Chicago_IL,60642,USA,2,"41.890732, -87.654125",181,Open,09-Sep-14,SC,thread
"Chattanooga, TN",1001 Airport Rd,Chattanooga,TN,Chattanooga_TN,37421,USA,6,"35.037458, -85.196339",204,Open,04-Sep-14,SC,thread
"Cornwall, ON",805 Brookdale Ave,Cornwall,ON,Cornwall_ON,K6J 4P3,Canada,6,"45.023665, -74.747845",431,Open,28-Aug-14,SC,thread
"Toronto (SC), ON",1325 Lawrence Ave East,Toronto,ON,Toronto_ON,M3A 1C6,Canada,8,"43.740222, -79.322389",138,Open,26-Aug-14,SC,thread
"Truckee, CA",11290 Donner Pass Rd,Truckee,CA,Truckee_CA,96161,USA,6,"39.327507, -120.207373","1,967",Open,26-Aug-14,SC,thread
"Edison, NJ",199 Lafayette Ave,Edison,NJ,Edison_NJ,8837,USA,8,"40.544814, -74.333248",30,Open,22-Aug-14,SC,thread
"Lake City, FL",2893 W US Highway 90,Lake City,FL,Lake City_FL,32055,USA,6,"30.181429, -82.679701",46,Open,20-Aug-14,SC,thread
"St. George, UT",1091 N Bluff St,St. George,UT,St. George_UT,84770,USA,4,"37.125336, -113.60272",887,Open,14-Aug-14,SC,thread
"South Hill, VA",1791 N Mecklenburg Ave,South Hill,VA,South Hill_VA,23970,USA,6,"36.748445, -78.103764",125,Open,07-Aug-14,SC,thread
"The Dalles, OR",2114 W 6th,The Dalles,OR,The Dalles_OR,97058,USA,5,"45.611964, -121.208526",45,Open,01-Aug-14,SC,thread
"Billings, MT",1801 Majestic LN,Billings,MT,Billings_MT,59102,USA,4,"45.733716, -108.604573",978,Open,23-Jul-14,SC,thread
"Squamish, BC",40147 Glenalder Pl,Squamish,BC,Squamish_BC,V8B 0G2,Canada,6,"49.736901, -123.134573",35,Open,12-Jul-14,SC,thread
"Wickenburg, AZ",155 N Tegner Tt,Wickenburg,AZ,Wickenburg_AZ,85390,USA,6,"33.970233, -112.73165",628,Open,11-Jul-14,SC,thread
"Tifton, GA",1310 U.S. 82,Tifton,GA,Tifton_GA,31794,USA,8,"31.448583, -83.534472",92,Open,10-Jul-14,SC,thread
"Salina, KS",755 W Diamond Dr,Salina,KS,Salina_KS,67401,USA,6,"38.877342, -97.618699",371,Open,04-Jul-14,SC,thread
"Limon, CO",2221 6th St,Limon,CO,Limon_CO,80828,USA,6,"39.268842, -103.708604","1,652",Open,21-Jun-14,SC,thread
"Goodland, KS",2631 Enterprise Rd,Goodland,KS,Goodland_KS,67735,USA,6,"39.326253, -101.725171","1,129",Open,13-Jun-14,SC,thread
"Hays, KS",4101 Vine St,Hays,KS,Hays_KS,67601,USA,6,"38.900543, -99.319142",626,Open,12-Jun-14,SC,thread
"Nephi, UT",2100 S Main St,Nephi,UT,Nephi_UT,84648,USA,6,"39.678397, -111.840704","1,555",Open,11-Jun-14,SC,thread
"Ritzville, WA",105 Galbreath Way,Ritzville,WA,Ritzville_WA,99169,USA,4,"47.116294, -118.368328",570,Open,18-May-14,SC,thread
"Gila Bend, AZ",826 W Pima St,Gila Bend,AZ,Gila Bend_AZ,85337,USA,8,"32.943969, -112.733506",221,Open,17-May-14,SC,thread
"Macon, GA",450 Martin Luther King Jr Blvd,Macon,GA,Macon_GA,31201,USA,8,"32.833428, -83.625557",98,Open,08-May-14,SC,thread
"Triadelphia, WV",35 Bob Wise Drive,Triadelphia,WV,Triadelphia_WV,26059,USA,4,"40.060757, -80.602874",397,Open,07-May-14,SC,thread
"San Juan Capistrano, CA",31971 Camino Capistrano,San Juan Capistrano,CA,San Juan Capistrano_CA,92675,USA,7,"33.498458, -117.6632",30,Open,06-May-14,SC,thread
"Woodbridge, VA",2700 Potomac Mills Circle,Woodbridge,VA,Woodbridge_VA,22192,USA,8,"38.64082, -77.29633",63,Open,02-May-14,SC,thread
"Albany, NY",131 Colonie Center,Albany,NY,Albany_NY,12205,USA,6,"42.710356, -73.819109",88,Open,30-Apr-14,SC,thread
"Roseville, CA",1151 Galleria Blvd,Roseville,CA,Roseville_CA,95678,USA,7,"38.771208, -121.266149",66,Open,29-Apr-14,SC,thread
"Hamilton Marketplace, NJ",425 Marketplace Blvd,Hamilton Township,NJ,Hamilton Township_NJ,8691,USA,6,"40.195539, -74.641375",21,Open,22-Apr-14,SC,thread
"Beaver, UT",Littlefield Interchange,Beaver,UT,Beaver_UT,84713,USA,4,"38.249149, -112.652524","1,790",Open,14-Apr-14,SC,thread
"Cranberry, PA",1308 Freedom Rd,Cranberry Township,PA,Cranberry Township_PA,16066,USA,6,"40.683982, -80.10839",312,Open,04-Apr-14,SC,thread
"Richfield, UT",20 W 1400 N,Richfield,UT,Richfield_UT,84701,USA,4,"38.788161, -112.083841","1,659",Open,04-Apr-14,SC,thread
"Buckeye, AZ",416 S Watson RD,Buckeye,AZ,Buckeye_AZ,85326,USA,8,"33.443011, -112.556876",338,Open,20-Mar-14,SC,thread
"Green River, UT",1765 East Main St,Green River,UT,Green River_UT,84525,USA,4,"38.993577, -110.140513","1,240",Open,17-Mar-14,SC,thread
"Plymouth, NC",840 U.S. 64,Plymouth,NC,Plymouth_NC,27962,USA,8,"35.850587, -76.756116",5,Open,12-Mar-14,SC,thread
"Lone Tree, CO",8401 Park Meadows Center Dr,Lone Tree,CO,Lone Tree_CO,80124,USA,4,"39.563776, -104.875651","1,785",Open,26-Feb-14,SC,thread
"Las Vegas, NV",701 Bridger Ave,Las Vegas,NV,Las Vegas_NV,89101,USA,6,"36.165906, -115.138655",609,Open,19-Feb-14,SC,thread
"Pleasant Prairie, WI",11211 120th Avenue,Pleasant Prairie,WI,Pleasant Prairie_WI,53158,USA,8,"42.518715, -87.950428",216,Open,13-Feb-14,SC,thread
"Greenwich, CT (south)",2000 Merritt Parkway,Greenwich,CT,Greenwich_CT,6830,USA,4,"41.040555, -73.673445",81,Open,12-Feb-14,SC,thread
"Greenwich, CT (north)",3000 Merritt Parkway,Greenwich,CT,Greenwich_CT,6830,USA,4,"41.041538, -73.671661",82,Open,12-Feb-14,SC,thread
"Yuma, AZ",310 N Madison Ave,Yuma,AZ,Yuma_AZ,85364,USA,8,"32.726686, -114.619093",43,Open,04-Feb-14,SC,thread
"Eau Claire, WI",4601 Keystone Crossing,Eau Claire,WI,Eau Claire_WI,54701,USA,6,"44.77083, -91.43711",293,Open,30-Jan-14,SC,thread
"Hagerstown, MD",495 Premium Outlets Blvd,Hagerstown,MD,Hagerstown_MD,21740,USA,6,"39.605859, -77.733324",164,Open,23-Jan-14,SC,thread
"Moab, UT",16 South Main St.,Moab,UT,Moab_UT,84511,USA,4,"38.573122, -109.552368","1,224",Open,22-Jan-14,SC,thread
"Kingman, AZ",789 West Beale Street,Kingman,AZ,Kingman_AZ,86401,USA,6,"35.191331, -114.065592","1,025",Open,22-Jan-14,SC,thread
"Cheyenne, WY",1400 Dell Range Blvd,Cheyenne,WY,Cheyenne_WY,82009,USA,4,"41.161085, -104.804955","1,859",Open,20-Jan-14,SC,thread
"Syosset, NY",7 Aeriel Way,Syosset,NY,Syosset_NY,11791,USA,4,"40.799839, -73.515267",56,Open,18-Jan-14,SC,thread
"Lumberton, NC",5093 Fayetteville Road,Lumberton,NC,Lumberton_NC,28358,USA,4,"34.667629, -79.002343",40,Open,17-Jan-14,SC,thread
"Macedonia, OH",8210 Macedonia Commons Blvd,Macedonia,OH,Macedonia_OH,44056,USA,6,"41.313663, -81.517018",296,Open,15-Jan-14,SC,thread
"Albert Lea, MN",811 East Plaza St,Albert Lea,MN,Albert Lea_MN,56007,USA,4,"43.68606, -93.357721",383,Open,15-Jan-14,SC,thread
"Savannah, GA",400 Airways Avenue,Savannah,GA,Savannah_GA,31408,USA,6,"32.135507, -81.212767",6,Open,15-Jan-14,SC,thread
"Holbrook, AZ",2096 Navajo Blvd,Holbrook,AZ,Holbrook_AZ,86025,USA,4,"34.922962, -110.145558","1,596",Open,15-Jan-14,SC,thread
"Blanding, UT",12 N Grayson Pkwy,Blanding,UT,Blanding_UT,84511,USA,4,"37.625553, -109.473842","1,849",Open,13-Jan-14,SC,thread
"Maumee, OH",1391 Conant Street,Maumee,OH,Maumee_OH,43537,USA,6,"41.57835, -83.66465",192,Open,13-Jan-14,SC,thread
"Madison, WI",89 E Towne Mall,Madison,WI,Madison_WI,53704,USA,3,"43.12669, -89.306896",267,Open,13-Jan-14,SC,thread
"Flagstaff, AZ",2650 S Beulah Blvd,Flagstaff,AZ,Flagstaff_AZ,86001,USA,4,"35.174272, -111.66328","2,106",Open,10-Jan-14,SC,thread
"Somerset, PA",1030 North Center Avenue,Somerset,PA,Somerset_PA,15501,USA,6,"40.017383, -79.077117",640,Open,10-Jan-14,SC,thread
"Grand Junction, CO",2420 U.S. 6,Grand Junction,CO,Grand Junction_CO,81505,USA,6,"39.090758, -108.604325","1,386",Open,10-Jan-14,SC,thread
"Farmington, NM",4200 Sierra Vista Dr,Farmington,NM,Farmington_NM,87402,USA,4,"36.766371, -108.144047","1,673",Open,10-Jan-14,SC,thread
"Gallup, NM",111 Twin Buttes Rd,Gallup,NM,Gallup_NM,87301,USA,4,"35.505278, -108.828094","1,970",Open,07-Jan-14,SC,thread
"East Greenwich, RI",1000 Division St,East Greenwich,RI,East Greenwich_RI,2818,USA,8,"41.660517, -71.497242",73,Open,06-Jan-14,SC,forum
"La Crosse, WI",2845 Midwest Dr,Onalaska,WI,Onalaska_WI,54650,USA,6,"43.879042, -91.188428",219,Open,05-Jan-14,SC,thread
"St Augustine, FL","2700 State Road 16, Suite 200",St. Augustine,FL,St. Augustine_FL,32092,USA,6,"29.920735, -81.416337",14,Open,03-Jan-14,SC,thread
"Murdo, SD",302 W 5th St,Murdo,SD,Murdo_SD,57559,USA,4,"43.886915, -100.716887",691,Open,31-Dec-13,SC,thread
"Santee, SC",114 Bradford Blvd.,Santee,SC,Santee_SC,29142,USA,6,"33.485858, -80.475763",39,Open,27-Dec-13,SC,thread
"Ellensburg, WA",1620 Canyon Rd,Ellensburg,WA,Ellensburg_WA,98926,USA,5,"46.976918, -120.54162",454,Open,23-Dec-13,SC,thread
"JFK Airport, NY",150th Ave and 147th St,Queens,NY,Queens_NY,11430,USA,4,"40.66319, -73.793192",3,Open,23-Dec-13,SC,thread
"Detroit Lake, OR",210 D Street,Detroit,OR,Detroit_OR,97342,USA,6,"44.737025, -122.152108",492,Open,23-Dec-13,SC,forum
"Highland Park (SC), IL",1200 Old Skokie Road,Highland Park,IL,Highland Park_IL,60035,USA,4,"42.17434, -87.816626",195,Open,20-Dec-13,SC,thread
"Lusk, WY",730 S. Main St,Lusk,WY,Lusk_WY,82225,USA,4,"42.75625, -104.45267","1,529",Open,19-Dec-13,SC,thread
"Vacaville, CA",321 Nut Tree RD,Vacaville,CA,Vacaville_CA,95687,USA,8,"38.366645, -121.958136",34,Open,19-Dec-13,SC,thread
"Mitchell, SD",1305 W. Havens Street,Mitchell,SD,Mitchell_SD,57301,USA,6,"43.701129, -98.0445",410,Open,18-Dec-13,SC,forum
"Worthington, MN",1290 Ryan's Rd,Worthington,MN,Worthington_MN,56187,USA,6,"43.63385, -95.595647",478,Open,11-Dec-13,SC,thread
"Mishawaka, IN",6501 Grape Rd,Mishawaka,IN,Mishawaka_IN,46545,USA,6,"41.7174, -86.1887",234,Open,11-Dec-13,SC,thread
"Angola, IN",3855 Indiana Rte 127,Angola,IN,Angola_IN,46703,USA,6,"41.699048, -85.000326",329,Open,09-Dec-13,SC,thread
"Mauston, WI",640 Mc Evoy St,Mauston,WI,Mauston_WI,53948,USA,6,"43.795551, -90.059358",265,Open,09-Dec-13,SC,forum
"St. Joseph, MI",3260 Niles Rd,St. Joseph,MI,St. Joseph_MI,49085,USA,8,"42.056357, -86.456352",210,Open,26-Nov-13,SC,thread
"Rapid City, SD",2200 N. Maple Ave,Rapid City,SD,Rapid City_SD,57701,USA,4,"44.105601, -103.212569","1,006",Open,25-Nov-13,SC,forum
"Huntsville, TX",148 Interstate 45,Huntsville,TX,Huntsville_TX,77340,USA,6,"30.716158, -95.565944",123,Open,20-Nov-13,SC,forum
"Folsom, CA",13000 Folsom Blvd,Folsom,CA,Folsom_CA,95630,USA,4,"38.64258, -121.18806",63,Open,19-Nov-13,SC,forum
"Corsicana, TX",2035 Interstate 45 Frontage Rd,Corsicana,TX,Corsicana_TX,75109,USA,6,"32.068577, -96.448229",132,Open,15-Nov-13,SC,forum
"Quartzsite, AZ",1451 W Main St,Quartzsite,AZ,Quartzsite_AZ,85346,USA,8,"33.661314, -114.242174",280,Open,14-Nov-13,SC,forum
"Rocky Mount, NC",651 N. Winstead Avenue,Rocky Mount,NC,Rocky Mount_NC,27804,USA,8,"35.972874, -77.84687",40,Open,08-Nov-13,SC,thread
"Springfield, OR",919 Kruse Way,Springfield,OR,Springfield_OR,97477,USA,8,"44.082605, -123.037471",133,Open,02-Nov-13,SC,forum
"Glen Allen, VA",9860 Brook Rd,Glen Allen,VA,Glen Allen_VA,23059,USA,8,"37.669832, -77.461419",49,Open,24-Oct-13,SC,forum
"Mt Shasta, CA",111 Morgan Way,Mt. Shasta,CA,Mt. Shasta_CA,96067,USA,4,"41.310233, -122.317278","1,066",Open,23-Oct-13,SC,forum
"Grants Pass, OR",1900 NW 6th St.,Grants Pass,OR,Grants Pass_OR,97526,USA,4,"42.460883, -123.324124",335,Open,22-Oct-13,SC,forum
"Corning, CA",950 Hwy 99,Corning,CA,Corning_CA,96021,USA,6,"39.926454, -122.198393",87,Open,18-Oct-13,SC,forum
"Burlington, NC",1080 Piper Ln,Burlington,NC,Burlington_NC,27215,USA,8,"36.07079, -79.511211",197,Open,16-Oct-13,SC,thread
"Columbus, TX",2535 Texas 71,Columbus,TX,Columbus_TX,78934,USA,6,"29.690062, -96.537725",57,Open,07-Oct-13,SC,forum
"Silverthorne, CO",309 Rainbow Dr,Silverthorne,CO,Silverthorne_CO,80498,USA,8,"39.631457, -106.070816","2,670",Open,03-Oct-13,SC,forum
"Glenwood Springs, CO",125 Wulfsohn Rd,Glenwood Springs,CO,Glenwood Springs_CO,81601,USA,6,"39.55268, -107.340168","1,762",Open,17-Sep-13,SC,thread
"Port Orange, FL",5302 S. Williamson Blvd,Port Orange,FL,Port Orange_FL,32128,USA,6,"29.108566, -81.034569",7,Open,13-Sep-13,SC,forum
"Rockford, IL",7200 Harrison Ave,Rockford,IL,Rockford_IL,61112,USA,6,"42.243896, -88.978877",238,Open,12-Sep-13,SC,thread
"Waco, TX",701 Interstate 35,Bellmead,TX,Bellmead_TX,76705,USA,8,"31.58224, -97.10915",124,Open,07-Sep-13,SC,forum
"Woodburn, OR",255 N Arney Rd,Woodburn,OR,Woodburn_OR,97071,USA,8,"45.15313, -122.881254",56,Open,28-Aug-13,SC,forum
"San Marcos, TX",3939 Interstate 35,San Marcos,TX,San Marcos_TX,78666,USA,5,"29.827692, -97.979677",202,Open,20-Aug-13,SC,forum
"Fremont, CA",45500 Fremont Blvd,Fremont,CA,Fremont_CA,94538,USA,12,"37.493447, -121.945654",6,Open,16-Aug-13,SC,thread
"Fort Myers, FL",9903 Gulf Coast Main Street,Fort Myers,FL,Fort Myers_FL,33913,USA,8,"26.48564, -81.787136",6,Open,25-Jul-13,SC,forum
"Port St. Lucie, FL",1773 N.W. St. Lucie W. Boulevard,Port St. Lucie,FL,Port St. Lucie_FL,34986,USA,8,"27.313023, -80.406688",8,Open,24-Jul-13,SC,forum
"Centralia, WA",1200 Lum Rd,Centralia,WA,Centralia_WA,98531,USA,10,"46.729732, -122.977454",56,Open,17-Jul-13,SC,forum
"Burlington, WA",9384 Old Highway 99,Burlington,WA,Burlington_WA,98233,USA,8,"48.509772, -122.338625",7,Open,13-Jul-13,SC,forum
"Buellton, CA",555 McMurray RD,Buellton,CA,Buellton_CA,93427,USA,8,"34.61456, -120.188387",114,Open,13-Jul-13,SC,forum
"Atascadero, CA",6950 El Camino Real,Atascadero,CA,Atascadero_CA,93422,USA,8,"35.48656, -120.66633",262,Open,03-Jul-13,SC,forum
"Normal, IL",Uptown Station Parking Deck 11 Uptown Circle,Normal,IL,Normal_IL,61761,USA,4,"40.508497, -88.985575",236,Open,26-Jun-13,SC,thread
"Darien, CT (north)",Connecticut Welcome Center,Darien,CT,Darien_CT,6820,USA,4,"41.080599, -73.461905",13,Open,19-Jun-13,SC,forum
"Darien, CT (south)",I-95 South after exit 10,Darien,CT,Darien_CT,6820,USA,4,"41.068167, -73.504659",14,Open,19-Jun-13,SC,forum
"Newark, DE",530 JFK Memorial Highway,Newark,DE,Newark_DE,19725,USA,12,"39.662313, -75.69198",18,Open,21-Dec-12,SC,thread
"Milford, CT (south)",1 CT Turnpike S,Milford,CT,Milford_CT,6460,USA,2,"41.246232, -73.010529",19,Open,16-Dec-12,SC,forum
"Milford, CT (north)",1 CT Turnpike N,Milford,CT,Milford_CT,6460,USA,2,"41.245814, -73.008988",19,Open,16-Dec-12,SC,forum
"Hawthorne, CA",1 Rocket Rd,Hawthorne,CA,Hawthorne_CA,90250,USA,12,"33.921068, -118.330054",18,Open,19-Nov-12,SC,forum
"Gilroy, CA",681 Leavesley Road,Gilroy,CA,Gilroy_CA,95020,USA,10,"37.02493, -121.56542",63,Open,19-Nov-12,SC,forum
"Barstow, CA",2812 Lenwood Rd,Barstow,CA,Barstow_CA,92311,USA,8,"34.849129, -117.085446",725,Open,19-Nov-12,SC,thread
"Tejon Ranch, CA",5602 Dennis McCarthy Dr,Lebec,CA,Lebec_CA,93243,USA,6,"34.98734, -118.94623",337,Open,19-Nov-12,SC,forum
"Harris Ranch, CA",24505 W. Dorris Ave,Coalinga,CA,Coalinga_CA,93210,USA,13,"36.25415, -120.237896",139,Open,19-Nov-12,SC,thread